{"Fe": [6.38723087310791, -7.586813926696777, 6.014618873596191, -0.6231606602668762, 0.7840958833694458, -2.7584967613220215, -2.516263008117676, -7.718311786651611, 6.482589244842529, -3.6590614318847656, -9.665392875671387, -13.144835472106934, -12.400583267211914, 3.323195457458496, 5.748619556427002, -8.39128589630127, -6.964439868927002, -7.703167915344238, -8.862141609191895, -12.668478965759277, 7.174046993255615, -1.5114359855651855, -9.67561149597168, -16.227575302124023, -5.5697922706604, -2.0751099586486816, -7.4243364334106445, 4.277130603790283, 10.801651000976562, 0.6577319502830505, -10.936423301696777, 5.525200843811035, -11.370858192443848, -8.88619327545166, -11.607815742492676, 6.4655046463012695, -8.109800338745117, 3.905383348464966, 0.8725951313972473, -13.17569351196289, -8.538615226745605, 8.60037899017334, 4.363792896270752, -8.562533378601074, -5.943092346191406, 5.212197303771973, -2.980860948562622, 8.902390480041504, 2.303877592086792, 4.305541515350342, -1.841051459312439, -8.438016891479492, -7.84438943862915, 8.16622543334961, 2.1737303733825684, -8.297447204589844, -9.62285327911377, -7.104457378387451, -8.321845054626465, -7.357882976531982, 6.572022438049316, 4.060774803161621, -4.340097427368164, -5.069211483001709], "Ni": [6.945577144622803, -7.596195697784424, 6.047730445861816, -1.045911192893982, 0.6579119563102722, -2.809013843536377, -4.297163009643555, -6.837443828582764, 7.680685997009277, -3.3674886226654053, -8.865701675415039, -12.160849571228027, -11.64138126373291, 3.6479687690734863, 6.625316143035889, -7.885019302368164, -6.594712734222412, -7.0611395835876465, -8.521977424621582, -12.005533218383789, 7.573308944702148, -2.0944406986236572, -9.347153663635254, -14.80429744720459, -5.061648368835449, -2.382631540298462, -7.313051700592041, 5.810549736022949, 11.134469985961914, 0.968232274055481, -10.130911827087402, 6.225155830383301, -10.797163963317871, -8.632555961608887, -10.695845603942871, 6.715715408325195, -7.804462432861328, 4.73074197769165, 1.9552098512649536, -12.49406623840332, -7.263180732727051, 8.844138145446777, 5.007291793823242, -8.34652042388916, -5.974996089935303, 5.643120288848877, -3.0005598068237305, 8.804165840148926, 2.5641307830810547, 4.5735931396484375, -1.933925747871399, -7.938999652862549, -7.444667339324951, 8.604686737060547, 3.0485525131225586, -7.905196189880371, -8.633326530456543, -6.011651515960693, -7.786914825439453, -7.031126022338867, 7.432830333709717, 4.580705165863037, -5.10614013671875, -5.301839828491211], "Co": [7.703345775604248, -8.23740291595459, 7.6052045822143555, -0.9663186073303223, 0.6008991599082947, -2.7574141025543213, -6.523120880126953, -7.246401786804199, 9.118037223815918, -3.4388701915740967, -9.94182014465332, -13.767939567565918, -12.879237174987793, 4.214437961578369, 7.187291622161865, -8.798759460449219, -7.222455024719238, -7.846493244171143, -8.871770858764648, -13.671731948852539, 8.967931747436523, -2.173032283782959, -9.961983680725098, -17.250974655151367, -6.9632887840271, -2.3408734798431396, -7.887294769287109, 6.698405742645264, 12.446883201599121, 1.7744888067245483, -11.790799140930176, 7.905381679534912, -11.883913040161133, -9.470503807067871, -12.243753433227539, 7.841945171356201, -8.299407005310059, 5.726142406463623, 2.410709857940674, -14.32469367980957, -8.132892608642578, 10.423874855041504, 6.15817403793335, -9.151288032531738, -6.377465724945068, 6.7354021072387695, -3.186605215072632, 9.811790466308594, 3.1995203495025635, 5.094644069671631, -2.0589959621429443, -8.523783683776855, -8.416299819946289, 9.312243461608887, 3.8092093467712402, -8.331193923950195, -9.715463638305664, -5.236893653869629, -8.562697410583496, -7.471261501312256, 8.627969741821289, 5.515559196472168, -6.109419822692871, -6.560439586639404], "Cr": [5.473438262939453, -6.27217435836792, 4.400141716003418, -0.7425004839897156, 1.1023403406143188, -2.2699971199035645, -0.19986003637313843, -5.415552616119385, 5.510758876800537, -3.097116708755493, -7.392281532287598, -9.365114212036133, -8.8650541305542, 2.84035325050354, 5.306136131286621, -6.385346412658691, -4.973666667938232, -5.628756523132324, -7.17255163192749, -9.362927436828613, 5.5943708419799805, -1.621530532836914, -7.407029628753662, -11.765350341796875, -5.419178009033203, -2.0081310272216797, -6.595728874206543, 3.504647731781006, 8.1200532913208, -0.12656967341899872, -8.514204025268555, 4.183676719665527, -8.057504653930664, -6.802452087402344, -8.753748893737793, 5.137451171875, -7.083348751068115, 2.9890365600585938, 1.2069844007492065, -9.520723342895508, -6.338774681091309, 7.010948657989502, 3.2840869426727295, -7.396990776062012, -5.673684120178223, 4.4508819580078125, -2.3171417713165283, 6.6160888671875, 1.4467203617095947, 3.8195269107818604, -1.170822024345398, -6.295527935028076, -6.764146327972412, 6.746241569519043, 1.8674156665802002, -6.5871100425720215, -7.437625885009766, -6.098506927490234, -6.806624889373779, -5.771610736846924, 5.68034553527832, 2.9374566078186035, -5.799140453338623, -6.028026103973389], "Pd": [5.81277322769165, -7.153922080993652, 6.258553504943848, -0.6785433888435364, 0.25648459792137146, -2.3221654891967773, -3.720734119415283, -6.164577960968018, 7.079860687255859, -3.036961317062378, -8.114267349243164, -11.195158958435059, -10.358990669250488, 3.135120391845703, 5.008360385894775, -6.879178524017334, -5.643223762512207, -6.600660800933838, -6.789044380187988, -11.0078125, 7.6316118240356445, -1.4455623626708984, -7.968231201171875, -13.752240180969238, -6.066854476928711, -2.08658504486084, -6.401845455169678, 4.104072093963623, 9.76613998413086, 0.9751079678535461, -9.689539909362793, 6.230916976928711, -8.987184524536133, -7.842252731323242, -9.808910369873047, 6.406521320343018, -6.890219211578369, 4.132096290588379, 0.9377186894416809, -11.047395706176758, -6.679593086242676, 8.560912132263184, 4.659651279449463, -7.408252716064453, -5.338828086853027, 5.1739397048950195, -2.6866278648376465, 8.55504322052002, 2.5906612873077393, 3.7935876846313477, -1.7218798398971558, -6.753450870513916, -6.943778038024902, 7.151869297027588, 2.489011526107788, -6.651149749755859, -8.105276107788086, -5.2687177658081055, -6.746643543243408, -6.171980857849121, 6.5216450691223145, 3.8521571159362793, -5.594712257385254, -5.370510578155518], "Mn": [6.477578163146973, -6.757648944854736, 5.809736728668213, -0.687574028968811, 0.7210738062858582, -2.621662139892578, -2.5099594593048096, -6.038122177124023, 7.356280326843262, -3.181077718734741, -7.96116304397583, -10.405946731567383, -9.77237606048584, 3.587733030319214, 6.0462212562561035, -7.01146936416626, -5.7342143058776855, -6.460894584655762, -7.644141674041748, -10.1791410446167, 7.091746807098389, -2.025639772415161, -7.902491569519043, -12.904540061950684, -5.75988245010376, -1.7672103643417358, -6.933569431304932, 5.046448230743408, 9.852746963500977, 0.8997447490692139, -9.135122299194336, 5.870483875274658, -9.165792465209961, -7.383865833282471, -9.46351146697998, 6.140852451324463, -7.126856803894043, 4.268908977508545, 1.75631844997406, -10.586036682128906, -6.633407115936279, 7.81743860244751, 4.650452136993408, -7.712897777557373, -5.861155033111572, 5.3279218673706055, -2.581939935684204, 7.976054668426514, 2.2674202919006348, 4.336454391479492, -1.5260274410247803, -7.134286880493164, -7.111414909362793, 7.782391548156738, 2.7545273303985596, -7.276681900024414, -8.23013973236084, -6.012739658355713, -7.323742389678955, -6.189024925231934, 6.766506671905518, 4.164100646972656, -5.656013488769531, -5.803999900817871]}