,exp_1,exp_2,exp_3,exp_4,exp_5
0,0.49380001425743103,0.33390000462532043,0.2614000141620636,0.0885000005364418,0.06069999933242798
0,0.10580000281333923,0.08839999884366989,0.11749999970197678,0.06509999930858612,0.07119999825954437
0,0.09269999712705612,0.06449999660253525,0.0754999965429306,0.06939999759197235,0.0714000016450882
0,0.07400000095367432,0.10660000145435333,0.07029999792575836,0.07479999959468842,0.0560000017285347
0,0.07989999651908875,0.07699999958276749,0.05249999836087227,0.07020000368356705,0.06599999964237213
