,exp_1,exp_2,exp_3,exp_4,exp_5
0,0.034299999475479126,0.08720000088214874,0.050599999725818634,0.05079999938607216,0.03700000047683716
