,exp_1,exp_2,exp_3,exp_4,exp_5
0,0.16930000483989716,0.2671999931335449,0.17919999361038208,0.09120000153779984,0.14920000731945038
0,0.2175000011920929,0.13379999995231628,0.24969999492168427,0.14980000257492065,0.1598999947309494
0,0.14399999380111694,0.1266999989748001,0.1193000003695488,0.20100000500679016,0.09589999914169312
0,0.11760000139474869,0.1565999984741211,0.11460000276565552,0.12200000137090683,0.10480000078678131
0,0.09070000052452087,0.16760000586509705,0.14730000495910645,0.1006999984383583,0.13179999589920044
