,exp_1,exp_2,exp_3,exp_4,exp_5
0,0.2930000126361847,0.1881999969482422,0.14020000398159027,0.11270000040531158,0.06800000369548798
0,0.08429999649524689,0.07760000228881836,0.1526000052690506,0.08959999680519104,0.09399999678134918
0,0.09950000047683716,0.07249999791383743,0.06040000170469284,0.053199999034404755,0.08269999921321869
0,0.07660000026226044,0.09350000321865082,0.051500000059604645,0.09220000356435776,0.053700000047683716
0,0.06710000336170197,0.0478999987244606,0.03240000084042549,0.06960000097751617,0.04450000077486038
