,exp_1,exp_2,exp_3,exp_4,exp_5
0,0.1648000031709671,0.32739999890327454,0.2425999939441681,0.07720000296831131,0.24459999799728394
0,0.2102999985218048,0.1624000072479248,0.20970000326633453,0.18440000712871552,0.17100000381469727
0,0.12890000641345978,0.12620000541210175,0.19740000367164612,0.21170000731945038,0.09950000047683716
0,0.10740000009536743,0.19529999792575836,0.11379999667406082,0.1363999992609024,0.05979999899864197
0,0.08980000019073486,0.11320000141859055,0.13199999928474426,0.11249999701976776,0.11299999803304672
