,exp_1,exp_2,exp_3,exp_4,exp_5
0,0.14149999618530273,0.16169999539852142,0.15449999272823334,0.13169999420642853,0.11129999905824661
