,exp_1,exp_2,exp_3,exp_4,exp_5
0,0.02969999983906746,0.03819999843835831,0.02759999968111515,0.020999999716877937,0.010200000368058681
0,0.02329999953508377,0.010900000110268593,0.01720000058412552,0.020600000396370888,0.014100000262260437
0,0.012299999594688416,0.008799999952316284,0.01640000008046627,0.013399999588727951,0.014600000344216824
0,0.015699999406933784,0.01759999990463257,0.013399999588727951,0.009100000374019146,0.008299999870359898
0,0.010099999606609344,0.011500000022351742,0.012900000438094139,0.00839999970048666,0.009999999776482582
