,exp_1,exp_2,exp_3,exp_4,exp_5
0,0.30390000343322754,0.22190000116825104,0.1534000039100647,0.15520000457763672,0.07800000160932541
0,0.2134999930858612,0.12530000507831573,0.08810000121593475,0.1256999969482422,0.16349999606609344
0,0.12399999797344208,0.0649000033736229,0.11919999867677689,0.06539999693632126,0.09399999678134918
0,0.0851999968290329,0.06650000065565109,0.06769999861717224,0.08139999955892563,0.051100000739097595
0,0.07370000332593918,0.09070000052452087,0.06759999692440033,0.06469999998807907,0.06419999897480011
