,exp_1,exp_2,exp_3,exp_4,exp_5
0,0.11900000274181366,0.36809998750686646,0.25619998574256897,0.08489999920129776,0.1808999925851822
0,0.24240000545978546,0.14059999585151672,0.1736000031232834,0.3052999973297119,0.16290000081062317
0,0.13809999823570251,0.09560000151395798,0.1378999948501587,0.16210000216960907,0.11029999703168869
0,0.15379999577999115,0.20829999446868896,0.1468999981880188,0.11299999803304672,0.08630000054836273
0,0.08150000125169754,0.1429000049829483,0.11779999732971191,0.09690000116825104,0.13210000097751617
