,exp_1,exp_2,exp_3,exp_4,exp_5
0,0.0364999994635582,0.02979999966919422,0.008799999952316284,0.01640000008046627,0.009999999776482582
0,0.012199999764561653,0.013100000098347664,0.018300000578165054,0.01119999960064888,0.011300000362098217
0,0.010400000028312206,0.011800000444054604,0.014000000432133675,0.008999999612569809,0.008299999870359898
0,0.009499999694526196,0.012400000356137753,0.007899999618530273,0.009200000204145908,0.005499999970197678
0,0.005799999926239252,0.00989999994635582,0.007199999876320362,0.005499999970197678,0.005200000014156103
