,exp_1,exp_2,exp_3,exp_4,exp_5
0,0.03400000184774399,0.01940000057220459,0.02889999933540821,0.00989999994635582,0.013500000350177288
0,0.018200000748038292,0.023000000044703484,0.03099999949336052,0.026599999517202377,0.020800000056624413
0,0.014800000004470348,0.016899999231100082,0.013899999670684338,0.020400000736117363,0.014000000432133675
0,0.01510000042617321,0.01679999940097332,0.011500000022351742,0.013899999670684338,0.009399999864399433
0,0.011599999852478504,0.007400000002235174,0.006099999882280827,0.007899999618530273,0.007000000216066837
