,exp_1,exp_2,exp_3,exp_4,exp_5
0,0.04010000079870224,0.029400000348687172,0.05829999968409538,0.014600000344216824,0.021400000900030136
0,0.022700000554323196,0.010200000368058681,0.024900000542402267,0.01590000092983246,0.01489999983459711
0,0.01769999973475933,0.015200000256299973,0.01489999983459711,0.011900000274181366,0.008899999782443047
0,0.010300000198185444,0.013000000268220901,0.01080000028014183,0.010999999940395355,0.007199999876320362
0,0.010599999688565731,0.011099999770522118,0.011699999682605267,0.005200000014156103,0.00430000014603138
