,exp_1,exp_2,exp_3,exp_4,exp_5
0,0.16220000386238098,0.14489999413490295,0.13650000095367432,0.10540000349283218,0.1315000057220459
