,exp_1,exp_2,exp_3,exp_4,exp_5
0,0.0348999984562397,0.014499999582767487,0.0421999990940094,0.01209999993443489,0.026200000196695328
0,0.03420000150799751,0.014800000004470348,0.01679999940097332,0.025699999183416367,0.021700000390410423
0,0.02160000056028366,0.01360000018030405,0.013199999928474426,0.013399999588727951,0.01360000018030405
0,0.014000000432133675,0.01720000058412552,0.013500000350177288,0.01140000019222498,0.011599999852478504
0,0.010200000368058681,0.015599999576807022,0.01489999983459711,0.008299999870359898,0.006599999964237213
