,exp_1,exp_2,exp_3,exp_4,exp_5
0,0.26919999718666077,0.5296000242233276,0.2328999936580658,0.16920000314712524,0.17970000207424164
0,0.29429998993873596,0.1898999959230423,0.14319999516010284,0.2232999950647354,0.17249999940395355
0,0.20000000298023224,0.16599999368190765,0.17890000343322754,0.19439999759197235,0.15289999544620514
0,0.1386999934911728,0.22949999570846558,0.15489999949932098,0.17090000212192535,0.13830000162124634
0,0.15539999306201935,0.17630000412464142,0.15230000019073486,0.09669999778270721,0.13179999589920044
