,exp_1,exp_2,exp_3,exp_4,exp_5
0,0.12549999356269836,0.19169999659061432,0.18780000507831573,0.10000000149011612,0.08049999922513962
0,0.10279999673366547,0.07419999688863754,0.10419999808073044,0.059300001710653305,0.0763000026345253
0,0.09120000153779984,0.05959999933838844,0.07190000265836716,0.06859999895095825,0.0617000013589859
0,0.07370000332593918,0.10670000314712524,0.05299999937415123,0.0746999979019165,0.03590000048279762
0,0.06560000032186508,0.08290000259876251,0.0406000018119812,0.09950000047683716,0.06769999861717224
